<?xml version='1.0' encoding='utf-8' standalone='yes' ?>
<map>
    <string name="afUninstallToken">eH1GzRXXRY2UzCTthKxlME:APA91bH6w031diw1ja6a_8cemnk16ECOMlMhJogSciwElbhAX_XmCbhs56rRNFSUjItcymUY6HPfvDj4vfoiOuKGP8YuA-FhtD03HUzR0LRrEm1WsPOFaVY</string>
    <long name="prev_session_dur" value="52" />
    <long name="af_rc_max_age" value="86400" />
    <boolean name="ddl_sent" value="true" />
    <string name="sentSuccessfully">true</string>
    <string name="af_remote_config">eyJmZWF0dXJlcyI6eyJleGNfbW5nciI6W3siZGF0YSI6eyJ2MSI6eyJzZGtfdmVyIjoiMS45LjkiLCJtaW4iOjEsImV4cGlyZSI6MTB9fX1dfSwidmVyIjoiNDI5NzI5ZmIudjEuMTY4NjI0NzQ4NTAwMCJ9</string>
    <int name="versionCode" value="11674" />
    <boolean name="sentRegisterRequestToAF" value="true" />
    <string name="savedProperties">{&quot;uid&quot;:&quot;1755949194969-1022045364305785665&quot;,&quot;advertiserId&quot;:&quot;6c3a054c-123c-412c-a392-6ce9e1306b5e&quot;,&quot;advertiserIdEnabled&quot;:&quot;true&quot;}</string>
    <string name="AF_INSTALLATION">1755949194969-1022045364305785665</string>
    <boolean name="afUninstallToken_queued" value="false" />
    <long name="af_send_exc_to_server_window" value="1756813192868" />
    <int name="appsFlyerCount" value="2" />
    <long name="af_rc_timestamp" value="1755949192864" />
    <long name="AppsFlyerTimePassedSincePrevLaunch" value="1755949207707" />
    <boolean name="newGPReferrerSent" value="true" />
    <int name="af_send_exc_min" value="1" />
    <string name="appsFlyerFirstInstall">2025-08-23_113955+0000</string>
    <long name="afUninstallToken_received_time" value="1755949196748" />
    <string name="attributionId">{&quot;install_time&quot;:&quot;2025-08-23 11:40:01.601&quot;,&quot;af_message&quot;:&quot;organic install&quot;,&quot;af_status&quot;:&quot;Organic&quot;,&quot;is_first_launch&quot;:false}</string>
</map>
