<?xml version='1.0' encoding='utf-8' standalone='yes' ?>
<map>
    <set name="fire-cls/19.3.0 kotlin/2.0.21 fire-installations/18.0.0 fire-rc/22.0.1 device-brand/realme fire-abt/21.1.1 fire-android/35 fire-core/21.0.0 fire-core-ktx/21.0.0 android-installer/com.google.android.packageinstaller fire-perf/21.0.3 fire-analytics/22.1.2 device-model/RE6066L1 android-min-sdk/21 android-platform/ fire-fcm/24.1.0 android-target-sdk/35 fire-transport/19.0.0 device-name/RMX5000IN fire-sessions/2.0.7">
        <string>2025-08-23</string>
    </set>
    <long name="fire-count" value="1" />
    <string name="last-used-date">2025-08-23</string>
    <long name="fire-global" value="1755949192101" />
</map>
