<?xml version='1.0' encoding='utf-8' standalone='yes' ?>
<map>
    <int name="istmcd_inapp:__0762460b622445d7966531cc90735d26:6ZW-45W-W84Z" value="10" />
    <int name="istc_inapp:__0762460b622445d7966531cc90735d26:6ZW-45W-W84Z" value="0" />
    <string name="pfworkid">6ZW-45W-W84Z</string>
    <string name="instance:6ZW-45W-W84Z">{&quot;accountId&quot;:&quot;6ZW-45W-W84Z&quot;,&quot;accountToken&quot;:&quot;054-016&quot;,&quot;analyticsOnly&quot;:false,&quot;isDefaultInstance&quot;:true,&quot;useGoogleAdId&quot;:false,&quot;disableAppLaunchedEvent&quot;:false,&quot;personalization&quot;:true,&quot;debugLevel&quot;:0,&quot;createdPostAppLaunch&quot;:false,&quot;sslPinning&quot;:false,&quot;backgroundSync&quot;:true,&quot;getEnableCustomCleverTapId&quot;:false,&quot;beta&quot;:false,&quot;encryptionLevel&quot;:0,&quot;allowedPushTypes&quot;:[]}</string>
    <int name="comms_last_ts:6ZW-45W-W84Z" value="1755949197" />
    <int name="comms_first_ts:6ZW-45W-W84Z" value="1755949195" />
    <int name="encryptionLevel:6ZW-45W-W84Z" value="0" />
    <int name="encryptionMigrationFailureCount:6ZW-45W-W84Z" value="0" />
    <int name="sexe:6ZW-45W-W84Z" value="1755949259" />
    <int name="lastSessionId:6ZW-45W-W84Z" value="1755949192" />
    <string name="ict_date:__0762460b622445d7966531cc90735d26:6ZW-45W-W84Z">23082025</string>
    <string name="deviceId:6ZW-45W-W84Z">__0762460b622445d7966531cc90735d26</string>
    <boolean name="OptOut:__0762460b622445d7966531cc90735d26:6ZW-45W-W84Z" value="true" />
    <int name="imc:__0762460b622445d7966531cc90735d26:6ZW-45W-W84Z" value="10" />
    <string name="fcm_token:6ZW-45W-W84Z">eH1GzRXXRY2UzCTthKxlME:APA91bH6w031diw1ja6a_8cemnk16ECOMlMhJogSciwElbhAX_XmCbhs56rRNFSUjItcymUY6HPfvDj4vfoiOuKGP8YuA-FhtD03HUzR0LRrEm1WsPOFaVY</string>
    <boolean name="ssInAppMigrated:6ZW-45W-W84Z" value="true" />
    <string name="SP_KEY_PROFILE_IDENTITIES:6ZW-45W-W84Z">Email,Identity</string>
    <long name="last_assets_cleanup" value="1755949195580" />
</map>
