{"Fid":"eH1GzRXXRY2UzCTthKxlME","Status":3,"AuthToken":"eyJhbGciOiJFUzI1NiIsInR5cCI6IkpXVCJ9.eyJhcHBJZCI6IjE6ODQ5MjYxMzY5MDg1OmFuZHJvaWQ6ODY0OGNlYzEwMWU2ZmY0MSIsImV4cCI6MTc1NjU1Mzk5NCwiZmlkIjoiZUgxR3pSWFhSWTJVekNUdGhLeGxNRSIsInByb2plY3ROdW1iZXIiOjg0OTI2MTM2OTA4NX0.AB2LPV8wRAIgR8PmrYxcgf0IwDaZgve_zA5Mua4H3PS-6e2moTayoZICIBJYRRLkS6hx4VDeXr2XNZ4WuUWoyhbsqi7KSp8OGhoo","RefreshToken":"3_AS3qfwItwaEO8t-U8mn3lsQxpC-FIQhK3wnqupXREm2Gnl2G8r7lrebewn2BX0fk1lYwYlUKiwjXwYyJ0pNnwFYVZIHOoUCkna0SAgL7ni0j_iI","TokenCreationEpochInSecs":1755949193,"ExpiresInSecs":604800}